Face Width,Face Height,x7,X8,X7,x5,X64,x9,Z56,x50,Z9,isMaleEvidence,Z12,x54,Z52,Z57,X10,X4,Z26,Tz,
MCEP_6,HMPDM_9,MCEP_7,F0,HMPDM_12,HMPDM_10,MCEP_3,MCEP_2,formant2,formant1,HMPDM_17,formant5,formant4,HMPDM_23,formant3,MCEP_0,HMPDM_24,HMPDM_11,HMPDM_20,HMPDM_19,
word43,word51,word52,word1,word57,word53,word94,word21,word89,word50,word17,word82,word49,word9,word76,word74,word83,word88,word12,word35,
Face Width,Face Height,Z9,Z8,Z55,Z56,hasGlassesEvidence,Z11,isMaleEvidence,Z12,Z5,AU43Evidence,Z13,Z4,x4,x3,x5,Z3,Z22,x6,
MCEP_11,F0,MCEP_8,MCEP_5,MCEP_13,HMPDM_9,MCEP_6,formant5,H1H2,HMPDM_10,MCEP_2,formant1,HMPDM_11,HMPDM_24,HMPDM_7,QOQ,MCEP_1,MCEP_0,HMPDM_23,formant4,
word76,word87,word18,word33,word0,word15,word3,word53,word35,word41,word39,word6,coherence,word19,word77,word44,word62,word92,word4,word36,
Face Width,Face Height,Face X,isMaleEvidence,Z9,Z10,Z8,Z55,Z53,x5,X53,x4,X54,x3,Tz,x1,hasGlassesEvidence,x34,X7,x64,
MCEP_11,MCEP_8,F0,MCEP_13,MCEP_5,MCEP_6,HMPDM_9,HMPDM_10,MCEP_2,formant5,H1H2,HMPDM_11,formant1,QOQ,HMPDM_23,MCEP_1,PSP,HMPDM_12,formant4,HMPDM_24,
word35,word41,word86,word76,word3,word50,word18,word38,word53,word60,word77,word14,word70,word39,word67,word11,word92,word98,word97,word82,
Face Width,Face Height,frametime,Z9,Z7,Z63,Z11,Z52,Z6,Tz,x5,Z13,Z3,hasGlassesEvidence,Z46,Z45,x1,Z24,Z28,X7,
MCEP_11,F0,MCEP_5,MCEP_13,MCEP_8,MCEP_6,MCEP_3,HMPDM_24,MCEP_1,H1H2,HMPDM_10,HMPDM_9,formant1,formant2,MCEP_2,formant5,HMPDM_23,formant3,HMPDM_11,HMPDM_22,
word76,word43,word49,word29,word87,word51,word27,word92,word36,word37,word93,word82,word33,coherence,word89,word73,word17,word91,word97,word52,
